{"stats":{"minecraft:mined":{"minecraft:tall_grass":1,"minecraft:short_grass":11,"minecraft:grass_block":4,"minecraft:dirt":1},"minecraft:custom":{"minecraft:jump":122,"minecraft:time_since_rest":5866,"minecraft:damage_dealt":159,"minecraft:leave_game":3,"minecraft:play_time":5866,"minecraft:sprint_one_cm":5477,"minecraft:damage_taken":245,"minecraft:time_since_death":5866,"minecraft:walk_one_cm":15131,"minecraft:total_world_time":5866,"minecraft:drop":1,"minecraft:fall_one_cm":3407,"minecraft:fly_one_cm":35934},"minecraft:picked_up":{"minecraft:wheat_seeds":1,"minecraft:dirt":5},"minecraft:dropped":{"minecraft:wheat_seeds":1},"minecraft:used":{"minecraft:light_gray_wool":27,"minecraft:dirt":7,"minecraft:enchanted_golden_apple":3}},"DataVersion":3700}