{"stats":{"minecraft:custom":{"minecraft:jump":67,"minecraft:time_since_rest":3386,"minecraft:damage_dealt":159,"minecraft:leave_game":2,"minecraft:play_time":3386,"minecraft:sprint_one_cm":3528,"minecraft:damage_taken":245,"minecraft:time_since_death":3386,"minecraft:walk_one_cm":6643,"minecraft:total_world_time":3386,"minecraft:fall_one_cm":1921,"minecraft:fly_one_cm":26004},"minecraft:picked_up":{"minecraft:wheat_seeds":1,"minecraft:dirt":4},"minecraft:mined":{"minecraft:short_grass":6,"minecraft:grass_block":3,"minecraft:dirt":1},"minecraft:used":{"minecraft:dirt":6}},"DataVersion":3700}